{
  "A_cont": [
    [
      0.0,
      1.0,
      0.0,
      0.0
    ],
    [
      36.01427886772,
      -2.7068508110448417,
      0.0,
      0.0
    ],
    [
      0.0,
      0.0,
      0.0,
      1.0
    ],
    [
      -0.39538981186917893,
      0.03973627223511214,
      0.0,
      -0.03973627223511214
    ]
  ],
  "B_cont": [
    [
      0.0
    ],
    [
      52.68399172901072
    ],
    [
      0.0
    ],
    [
      0.7733952049497292
    ]
  ],
  "A_disc": [
    [
      1.0000718996159104,
      0.0019946439441723995,
      0.0,
      0.0
    ],
    [
      0.07183566324723373,
      0.9946726960378816,
      0.0,
      0.0
    ],
    [
      -7.888626647144604e-07,
      7.8801707372319e-08,
      1.0,
      0.001999920529560783
    ],
    [
      -0.0007879102152717877,
      7.846721948098998e-05,
      0.0,
      0.9999205306133888
    ]
  ],
  "B_disc": [
    [
      0.00010517935910509237
    ],
    [
      0.1050858050571
    ],
    [
      1.549523041167831e-06
    ],
    [
      0.001550880536342268
    ]
  ],
  "K_cont": [
    [
      9.433090190663373,
      1.2144578861286228,
      -3.1622776601683884,
      -7.467583047015684
    ]
  ],
  "K_disc": [
    [
      8.945240090608891,
      1.1514898325243073,
      -2.983538888790897,
      -7.048276798335985
    ]
  ],
  "params": {
    "m_body": 0.9670000000000001,
    "m_wheel": 0.326,
    "I_body": 0.016172539078866965,
    "l": 0.05389252327277722,
    "r": 0.05278,
    "b_total": 0.051379,
    "g": 9.81,
    "sample_rate_Hz": 500.0
  },
  "com_body_mm": [
    1.8902654452641896,
    -1.9428709540603335,
    106.63936280029012
  ],
  "com_total_mm": [
    1.4139079215285424,
    -1.4543997017436183,
    93.06036202785779
  ],
  "m_total": 1.2930000000000001
}