{
  "total_mass": 0.18269208799931075,
  "center_of_mass": [
    1.6657760533271908e-08,
    0.02778900658565565,
    0.3066800422512728
  ],
  "inertia_tensor": [
    [
      0.0023056891285520562,
      -2.0159756527119397e-11,
      -2.291606565873516e-10
    ],
    [
      -2.0159756527119397e-11,
      0.0022904151156667783,
      0.00017027812660696617
    ],
    [
      -2.291606565873516e-10,
      0.00017027812660696617,
      1.5412486202460495e-05
    ]
  ],
  "parts": {
    "neodynium": {
      "mass": 0.03360006720026112,
      "com": [
        -1.9694737099730547e-18,
        0.017700000286102288,
        0.39999999999999897
      ],
      "inertia": [
        [
          2.4923158938895902e-09,
          2.849912911872483e-25,
          3.2191024080428812e-15
        ],
        [
          2.849912911872483e-25,
          4.793483468135748e-09,
          -7.940933880509066e-23
        ],
        [
          3.2191024080428812e-15,
          -7.940933880509066e-23,
          2.492314645993983e-09
        ]
      ]
    },
    "wood": {
      "mass": 0.07492502016358399,
      "com": [
        3.2227722061621245e-09,
        0.03777739551854999,
        0.17245491696695905
      ],
      "inertia": [
        [
          1.9810540120171702e-06,
          -3.898564516898105e-16,
          -1.1544535126443116e-13
        ],
        [
          -3.898564516898105e-16,
          2.018432700407835e-06,
          -1.2103108989742654e-08
        ],
        [
          -1.1544535126443116e-13,
          -1.2103108989742654e-08,
          8.459001763139014e-08
        ]
      ]
    },
    "housing": {
      "mass": 0.049066215704690275,
      "com": [
        -1.803989602964493e-17,
        0.019450000286102304,
        0.3999999999999988
      ],
      "inertia": [
        [
          5.372298208687821e-09,
          1.1509942017177087e-24,
          -5.065306081905578e-17
        ],
        [
          1.1509942017177087e-24,
          1.015567144674291e-08,
          -2.117582368135751e-22
        ],
        [
          -5.065306081905578e-17,
          -2.117582368135751e-22,
          5.372307276774737e-09
        ]
      ]
    },
    "steel": {
      "mass": 0.010849801931071604,
      "com": [
        -1.6164691437114883e-08,
        0.020503366850822755,
        0.3999999743572876
      ],
      "inertia": [
        [
          1.398059467662136e-10,
          -1.437704611215464e-16,
          6.238583608200534e-17
        ],
        [
          -1.437704611215464e-16,
          1.1801225930083823e-11,
          9.37595056379325e-16
        ],
        [
          6.238583608200534e-17,
          9.37595056379325e-16,
          1.398059254634691e-10
        ]
      ]
    },
    "aluminum": {
      "mass": 0.014250982999703758,
      "com": [
        2.089089911951631e-07,
        0.03332001292903559,
        0.4000001599518436
      ],
      "inertia": [
        [
          7.967529563376034e-10,
          -2.8989424741503125e-15,
          2.7021009699001958e-15
        ],
        [
          -2.8989424741503125e-15,
          1.5436112901908628e-09,
          -1.6330976408704284e-15
        ],
        [
          2.7021009699001958e-15,
          -1.6330976408704284e-15,
          7.967877376787484e-10
        ]
      ]
    }
  }
}