{
  "total_mass": 1.4954147111892706,
  "center_of_mass": [
    2.971249737646893e-09,
    0.02576521896158889,
    0.24294117267885387
  ],
  "inertia_tensor": [
    [
      0.002973544185348071,
      -3.3523137095133416e-12,
      3.8805288354952e-10
    ],
    [
      -3.3523137095133416e-12,
      0.002957665536693213,
      -0.00020187609191794524
    ],
    [
      3.8805288354952e-10,
      -0.00020187609191794524,
      1.615080176026061e-05
    ]
  ],
  "parts": {
    "neodynium": {
      "mass": 1.3463225025636838,
      "com": [
        1.9449258641055612e-09,
        0.026363492858542108,
        0.2516442834587049
      ],
      "inertia": [
        [
          2.9323101577072007e-06,
          6.953389659042635e-16,
          7.815458155866965e-14
        ],
        [
          6.953389659042635e-16,
          2.9724749017393457e-06,
          -4.99352063283076e-08
        ],
        [
          7.815458155866965e-14,
          -4.99352063283076e-08,
          9.830854507425567e-08
        ]
      ]
    },
    "wood": {
      "mass": 0.07492505914230341,
      "com": [
        -3.449531110358881e-09,
        0.028077395455910065,
        0.2775451464878718
      ],
      "inertia": [
        [
          1.9810554771106697e-06,
          5.767575287201528e-16,
          -1.2274516679819e-13
        ],
        [
          5.767575287201528e-16,
          2.0184341666928506e-06,
          1.210309609535925e-08
        ],
        [
          -1.2274516679819e-13,
          1.210309609535925e-08,
          8.459011072706507e-08
        ]
      ]
    },
    "housing": {
      "mass": 0.049066275976070904,
      "com": [
        -1.429607999991397e-09,
        0.009750000000000005,
        0.050000000993920164
      ],
      "inertia": [
        [
          5.372309134607335e-09,
          1.2793721508971081e-25,
          -2.0970374778157685e-16
        ],
        [
          1.2793721508971081e-25,
          1.0155683555229376e-08,
          -8.271806125530277e-25
        ],
        [
          -2.0970374778157685e-16,
          -8.271806125530277e-25,
          5.372309125164367e-09
        ]
      ]
    },
    "steel": {
      "mass": 0.010850055516455912,
      "com": [
        -4.2273006599722844e-08,
        0.010803909223713328,
        0.04999998657058069
      ],
      "inertia": [
        [
          1.3981257710871308e-10,
          -2.8748033977566066e-16,
          8.969637784303352e-17
        ],
        [
          -2.8748033977566066e-16,
          1.1801733927570133e-11,
          -1.1778581060531176e-16
        ],
        [
          8.969637784303352e-17,
          -1.1778581060531176e-16,
          1.398126129756027e-10
        ]
      ]
    },
    "aluminum": {
      "mass": 0.014250817990756488,
      "com": [
        1.8328908873173148e-07,
        0.02361998237745062,
        0.049999875310816545
      ],
      "inertia": [
        [
          7.967405846626657e-10,
          -2.098578513231033e-15,
          5.861021903814069e-15
        ],
        [
          -2.098578513231033e-15,
          1.5435411416926456e-09,
          1.4492485912481364e-15
        ],
        [
          5.861021903814069e-15,
          1.4492485912481364e-15,
          7.967291317847055e-10
        ]
      ]
    }
  }
}