{
  "meshes": {
    "neodynium": {
      "density": 7500.0
    }, 
    "wood": {
      "density": 471.0
    }, 
    "housing": {
      "density": 5280.0
    }, 
    "steel": {
      "density": 7850.0
    }, 
    "aluminum": {
      "density": 2700.0
    }
  }, 
  "file_path": "/Users/owhite/kicad/MESC_brain_board/modeling/", 
  "joint1": {
    "p2": [
      -1.6047283079967633e-15, 
      59.699999999988719, 
      400.0
    ], 
    "p1": [
      -1.6047283079967633e-15, 
      9.6999999999887194, 
      400.0
    ]
  }
}