{
  "mass_kg": 0.18269210869958302,
  "moment_of_inertia_kg_m2": 0.01582980712970225,
  "total_com_mm": [
    -1.185753436729787e-05,
    -10.830114180406929,
    138.45800669292242
  ],
  "origin_of_rotation_mm": [
    0.0,
    0.0,
    400.0
  ],
  "r_m": 0.2617661277480343,
  "g_m_per_s2": 9.81,
  "mgr_over_I": 29.63648007117027,
  "omega_n_rad_per_s": 5.443939756386937,
  "expected_period_s": 1.1541614324089515,
  "axis_unit_vector": [
    0.0,
    1.0,
    0.0
  ],
  "motor_params": {
    "Kv": 170.0,
    "Ke": 0.05617233285596306,
    "Kt": 0.05617233285596306,
    "Rm": 0.035,
    "b_Nm_s_per_rad": 0.09015231367088877
  },
  "A_matrix": [
    [
      0.0,
      1.0
    ],
    [
      29.63648007117027,
      0.0
    ]
  ],
  "B_matrix": [
    [
      0.0
    ],
    [
      94.75794541965554
    ]
  ],
  "K_gain": [
    [
      3.4904663610533224,
      1.036181071234295
    ]
  ],
  "closed_loop_eigenvalues": [
    -3.169030853818299,
    -95.01735853908123
  ],
  "urdf_file": "/Users/owhite/MESC_brain_board/modeling/pendulum_assembly.urdf"
}