{
  "mass_kg": 0.1716535393160071,
  "moment_of_inertia_kg_m2": 0.0033368707870953273,
  "total_com_mm": [
    -1.2499577782543577e-05,
    -11.564920880965913,
    121.13111894874534
  ],
  "origin_of_rotation_mm": [
    0.0,
    0.0,
    45.138
  ],
  "r_m": 0.07686807869682524,
  "g_m_per_s2": 9.81,
  "mgr_over_I": 38.790770506259165,
  "omega_n_rad_per_s": 6.228223703935108,
  "expected_period_s": 1.0088246032668595,
  "axis_unit_vector": [
    0.0,
    1.0,
    0.0
  ],
  "motor_params": {
    "Kv": 170.0,
    "Ke": 0.05617233285596306,
    "Kt": 0.05617233285596306,
    "Rm": 0.035,
    "b_Nm_s_per_rad": 0.09015231367088877
  },
  "A_matrix_continuous": [
    [
      0.0,
      1.0
    ],
    [
      38.790770506259165,
      -27.017022660731907
    ]
  ],
  "B_matrix_continuous": [
    [
      0.0
    ],
    [
      102.0
    ]
  ],
  "A_matrix_discrete": [
    [
      1.0000762038485336,
      0.0019469765211191264
    ],
    [
      0.07552471941180688,
      0.9474746950575451
    ]
  ],
  "B_matrix_discrete": [
    [
      0.00020037736938392848
    ],
    [
      0.19859160515415092
    ]
  ],
  "K_gain_continuous": [
    [
      22.744215223632636,
      2.9779843933087076
    ]
  ],
  "K_gain_discrete": [
    [
      16.974607392655287,
      2.160808831532669
    ]
  ],
  "closed_loop_eigs_cont": [
    -7.046473024927138,
    -323.7249577532929
  ],
  "closed_loop_eigs_disc": [
    0.9860058438987032,
    0.5290252335463723
  ],
  "urdf_file": "/Users/owhite/MESC_brain_board/modeling/pendulum_assembly.urdf"
}