{
  "params": {
    "Kv": 170.0,
    "Ke": 0.05617233285596306,
    "Kt": 0.05617233285596306,
    "Rm": 0.035,
    "b_Nm_s_per_rad": 0.09015231367088877,
    "friction_term": 0.05,
    "phase_R": 0.07,
    "wheel_radius": 40
  }
}
