{
  "J": 0.027751843070156434,
  "b": 0.4372929984493903,
  "k": 0.47794605425069286,
  "natural_frequency_hz": 0.6604860606901612,
  "damping_ratio": 1.8984850099959114
}