{
  "J": 2.653070950845692e-23,
  "b": 0.0038413686590796398,
  "k": 0.0025677220781936652,
  "fn_hz": 1565740217.9016678,
  "zeta": 7358809378.789967,
  "residual_rms": 0.5506695774921837
}