{
  "J": 0.0007400948572425162,
  "b": 0.0021358649253555677,
  "k": 0.016370643643462354,
  "fn_hz": 0.7485301808953156,
  "zeta": 0.3068083800677771,
  "residual_rms": 0.11472702005300496
}