{
  "A_cont": [
    [
      0.0,
      1.0,
      0.0,
      0.0
    ],
    [
      36.014278867720016,
      -2.7068508110448404,
      0.0,
      0.0
    ],
    [
      0.0,
      0.0,
      0.0,
      1.0
    ],
    [
      -0.3953898118691794,
      0.03973627223511214,
      0.0,
      -0.03973627223511214
    ]
  ],
  "B_cont": [
    [
      0.0
    ],
    [
      52.68399172901069
    ],
    [
      0.0
    ],
    [
      0.7733952049497292
    ]
  ],
  "A_disc": [
    [
      1.0000718996159104,
      0.0019946439441723995,
      0.0,
      0.0
    ],
    [
      0.07183566324723376,
      0.9946726960378816,
      0.0,
      0.0
    ],
    [
      -7.888626647144612e-07,
      7.8801707372319e-08,
      1.0,
      0.001999920529560783
    ],
    [
      -0.0007879102152717885,
      7.846721948098998e-05,
      0.0,
      0.9999205306133888
    ]
  ],
  "B_disc": [
    [
      0.00010517935910509232
    ],
    [
      0.10508580505709994
    ],
    [
      1.549523041167831e-06
    ],
    [
      0.001550880536342268
    ]
  ],
  "Q": [
    [
      50.0,
      0.0,
      0.0,
      0.0
    ],
    [
      0.0,
      1.0,
      0.0,
      0.0
    ],
    [
      0.0,
      0.0,
      10.0,
      0.0
    ],
    [
      0.0,
      0.0,
      0.0,
      1.0
    ]
  ],
  "R": [
    [
      1.0
    ]
  ],
  "K_cont": [
    [
      9.433090190663375,
      1.214457886128623,
      -3.162277660168384,
      -7.467583047015695
    ]
  ],
  "K_disc": [
    [
      8.945240090599071,
      1.151489832523569,
      -2.983538888776093,
      -7.048276798293123
    ]
  ],
  "eig_cont": [
    [
      -52.967859199698964,
      0.0
    ],
    [
      -7.067002375469126,
      0.0
    ],
    [
      -0.45941090750909785,
      0.44746221761027616
    ],
    [
      -0.45941090750909785,
      -0.44746221761027616
    ]
  ],
  "eig_disc": [
    [
      0.8995269476247606,
      0.0
    ],
    [
      0.9859653460432849,
      0.0
    ],
    [
      0.9990812001385199,
      0.0008941024634992121
    ],
    [
      0.9990812001385199,
      -0.0008941024634992121
    ]
  ],
  "params": {
    "m_body": 0.9670000000000001,
    "m_wheel": 0.326,
    "I_body": 0.016172539078866968,
    "l": 0.05389252327277728,
    "r": 0.05278,
    "b_total": 0.051379,
    "g": 9.81,
    "sample_rate_Hz": 500.0
  },
  "com_body_mm": [
    1.8902654452641885,
    -1.942870954060334,
    106.63936280029017
  ],
  "com_total_mm": [
    1.4139079215285426,
    -1.454399701743619,
    93.06036202785783
  ],
  "m_total": 1.2930000000000001
}