{
  "A_cont": [
    [
      0.0,
      1.0,
      0.0,
      0.0
    ],
    [
      72.46039112110032,
      -8.400338670136962,
      0.0,
      0.0
    ],
    [
      0.0,
      0.0,
      0.0,
      1.0
    ],
    [
      -0.39217290355472395,
      0.10305317181682996,
      0.0,
      -0.10305317181682996
    ]
  ],
  "B_cont": [
    [
      0.0
    ],
    [
      59.937210097458475
    ],
    [
      0.0
    ],
    [
      0.7352941176470588
    ]
  ],
  "A_disc": [
    [
      1.0001441160674787,
      0.0019833888241159716,
      0.0,
      0.0
    ],
    [
      0.14371712994066257,
      0.9834829782303398,
      0.0,
      0.0
    ],
    [
      -7.743964861720791e-07,
      2.0442708912303674e-07,
      1.0,
      0.0019997939078155785
    ],
    [
      -0.0007694521165054801,
      0.00020359345191221277,
      0.0,
      0.9997939148948196
    ]
  ],
  "B_disc": [
    [
      0.00011920878263620504
    ],
    [
      0.1188787926559901
    ],
    [
      1.4786724372763142e-06
    ],
    [
      0.0014826894863135987
    ]
  ],
  "Q": [
    [
      50,
      0,
      0,
      0
    ],
    [
      0,
      1,
      0,
      0
    ],
    [
      0,
      0,
      10,
      0
    ],
    [
      0,
      0,
      0,
      1
    ]
  ],
  "R": [
    [
      1.0
    ]
  ],
  "K_cont": [
    [
      10.846376034615732,
      1.0937545153385453,
      -3.162277660168358,
      -6.318968478681177
    ]
  ],
  "K_disc": [
    [
      10.28505873560549,
      1.0301541575776232,
      -2.9755190901969173,
      -5.948216517508814
    ]
  ],
  "eig_cont": [
    -61.312693241373964,
    -7.015003542298086,
    -0.5429944436002742,
    -0.5429944436002742
  ],
  "eig_disc": [
    0.8846590345411356,
    0.9860680569401804,
    0.9989140618943124,
    0.9989140618943124
  ],
  "params": {
    "m_body": 0.6000000000000001,
    "m_wheel": 0.76,
    "I_body": 0.01175756723096296,
    "l": 0.09061419450126137,
    "r": 0.04,
    "b_total": 0.14015231367088876,
    "g": 9.81,
    "sample_rate_Hz": 500.0
  }
}