{
  "mass_kg": 0.17165353931600705,
  "moment_of_inertia_kg_m2": 0.0033368707870953204,
  "total_com_mm": [
    -1.249957778369566e-05,
    -11.564920880965916,
    121.13111894874538
  ],
  "origin_of_rotation_mm": [
    0.0,
    0.0,
    45.138
  ],
  "r_m": 0.07686807869682527,
  "g_m_per_s2": 9.81,
  "mgr_over_I": 38.79077050625925,
  "omega_n_rad_per_s": 6.228223703935115,
  "expected_period_s": 1.0088246032668584,
  "axis_unit_vector": [
    0.0,
    1.0,
    0.0
  ],
  "motor_params": {
    "Kv": 170.0,
    "Ke": 0.05617233285596306,
    "Kt": 0.05617233285596306,
    "Rm": 0.035,
    "b_Nm_s_per_rad": 0.09015231367088877
  },
  "A_matrix_continuous": [
    [
      0.0,
      1.0
    ],
    [
      38.79077050625925,
      -27.017022660731964
    ]
  ],
  "B_matrix_continuous": [
    [
      0.0
    ],
    [
      102.0
    ]
  ],
  "A_matrix_discrete": [
    [
      1.0000762038485336,
      0.0019469765211191262
    ],
    [
      0.07552471941180704,
      0.947474695057545
    ]
  ],
  "B_matrix_discrete": [
    [
      0.00020037736938392848
    ],
    [
      0.19859160515415092
    ]
  ],
  "K_gain_continuous": [
    [
      7.461588938888998,
      0.8380611572014215
    ]
  ],
  "K_gain_discrete": [
    [
      6.882602427573508,
      0.7550433523867573
    ]
  ],
  "closed_loop_eigs_cont": [
    -6.8357698125056885,
    -105.66349088277127
  ],
  "closed_loop_eigs_disc": [
    0.9864214511769429,
    0.8098050586487258
  ],
  "urdf_file": "/Users/owhite/MESC_brain_board/modeling/pendulum_assembly.urdf"
}