{
  "numc": [
    0.1711008944576343
  ],
  "denc": [
    1.0,
    3436.303989822227,
    59427.07435079829
  ],
  "J_est": 5.8445048061838545,
  "b_est": 20083.49518402476,
  "K": [
    [
      0.00014395870592383885,
      0.00024900254116750237
    ]
  ]
}